City,Lat,Lng,Max Temp,Humidity,Cloudiness,Wind Speed,Country,Date
La Ronge,55.1001,-105.2842,34.05,75,75,10.36,CA,1634932668
Albany,42.6001,-73.9662,55.58,68,100,1.01,US,1634932668
Zhangjiakou,40.81,114.8794,39.24,43,0,2.21,CN,1634932668
Basoko,1.2391,23.616,71.22,88,20,3.42,CD,1634932669
Vaini,-21.2,-175.2,73.56,78,20,8.05,TO,1634932669
Bushehr,28.9684,50.8385,80.69,57,0,6.91,IR,1634932492
Thompson,55.7435,-97.8558,33.96,80,90,3.44,CA,1634932669
Provideniya,64.3833,-173.3,25.16,66,100,10.56,RU,1634932595
Rikitea,-23.1203,-134.9692,74.14,83,100,22.26,PF,1634932592
Ushuaia,-54.8,-68.3,49.66,43,75,21.85,AR,1634932670
Aripuanã,-9.1667,-60.6333,87.12,59,100,3.36,BR,1634932670
Tilichiki,60.4667,166.1,0.19,96,48,7.83,RU,1634932671
Hobart,-42.8794,147.3294,52.39,93,75,1.01,AU,1634932464
Cravo Norte,6.3017,-70.2041,86.38,58,100,6.69,CO,1634932671
Muros,42.7762,-9.0603,56.35,77,0,12.15,ES,1634932671
Carnarvon,-24.8667,113.6333,68.07,68,0,14.97,AU,1634932595
Udachny,66.4167,112.4,28.06,92,99,15.39,RU,1634932672
Butaritari,3.0707,172.7902,82.29,78,100,18.07,KI,1634932672
Lucapa,-8.4192,20.7447,67.77,92,98,2.75,AO,1634932672
Tura,25.5198,90.2201,65.25,78,2,3.53,IN,1634932673
Yumen,40.2833,97.2,40.73,37,0,8.77,CN,1634932673
Turukhansk,65.8167,87.9833,34.68,98,99,17.85,RU,1634932673
Laguna,38.421,-121.4238,63.86,73,75,1.01,US,1634932674
Port Lincoln,-34.7333,135.8667,53.31,66,14,13.69,AU,1634932674
Bykovo,55.6361,38.0803,45.09,57,0,11.18,RU,1634932674
Saint George,37.1041,-113.5841,75.65,26,100,1.01,US,1634932593
Punta Arenas,-53.15,-70.9167,48.22,57,75,35.68,CL,1634932674
Hermanus,-34.4187,19.2345,63.81,79,100,25.95,ZA,1634932675
Jamestown,42.097,-79.2353,47.57,76,90,1.01,US,1634932675
Busselton,-33.65,115.3333,44.04,82,4,7.11,AU,1634932675
Atuona,-9.8,-139.0333,77.59,79,22,19.6,PF,1634932676
Nuristan,35.3,70.8333,17.74,53,4,13.67,AF,1634932676
Tezu,27.9167,96.1667,67.55,89,23,3.47,IN,1634932676
Qaanaaq,77.484,-69.3632,-1.84,67,0,8.79,GL,1634932677
Clyde River,70.4692,-68.5914,26.83,86,90,10.36,CA,1634932677
Zhengjiatun,43.5064,123.5064,38.77,48,0,4.47,CN,1634932677
Cam Ranh,11.9214,109.1591,76.96,88,20,2.3,VN,1634932678
Samarai,-10.6167,150.6667,81.05,72,100,10.47,PG,1634932678
Yellowknife,62.456,-114.3525,43.93,65,40,17.27,CA,1634932412
Mahébourg,-20.4081,57.7,73.69,88,75,3.44,MU,1634932678
Opuwo,-18.0607,13.84,68.2,27,5,9.53,NA,1634932679
Bluff,-46.6,168.3333,51.31,73,100,2.98,NZ,1634932592
Buenos Aires,-34.6132,-58.3772,64.92,80,100,1.99,AR,1634932670
Nikolskoye,59.7035,30.7861,45.23,67,100,16.58,RU,1634932679
Barrow,71.2906,-156.7887,24.04,95,93,5.55,US,1634932629
Lukovetskiy,64.2956,41.9211,30.18,98,100,6.46,RU,1634932680
São Filipe,14.8961,-24.4956,82.2,61,0,8.05,CV,1634932681
Puerto Ayora,-0.7393,-90.3518,78.76,81,78,10.2,EC,1634932681
San Quintín,30.4833,-115.95,68.94,68,0,17.81,MX,1634932682
Omsukchan,62.5333,155.8,-7.29,89,95,1.1,RU,1634932683
Longyearbyen,78.2186,15.6401,17.44,86,75,3.44,SJ,1634932454
Hambantota,6.1241,81.1185,79.7,81,32,10.69,LK,1634932683
Castro,-24.7911,-50.0119,71.92,55,1,2.62,BR,1634932631
Mataura,-46.1927,168.8643,53.82,72,100,1.54,NZ,1634932603
Jashpurnagar,22.9,84.15,61.95,63,0,4.36,IN,1634932684
San Cristobal,7.7669,-72.225,82.58,51,10,4.85,VE,1634932684
Santa Isabel,-23.3156,-46.2214,73.45,62,5,9.17,BR,1634932684
Paamiut,61.994,-49.6678,35.51,69,63,13.18,GL,1634932685
Jumla,29.2747,82.1838,49.39,89,8,3.44,NP,1634932685
Esperance,-33.8667,121.9,46.24,80,0,6.8,AU,1634932685
Bismarck,46.8083,-100.7837,48.11,56,40,4.0,US,1634932505
Cape Town,-33.9258,18.4232,59.14,83,75,13.0,ZA,1634932661
Chapais,49.7834,-74.8492,35.38,74,100,8.5,CA,1634932686
Victor Harbor,-35.5667,138.6167,53.04,92,13,12.08,AU,1634932686
Fortuna,40.5982,-124.1573,60.03,69,90,8.01,US,1634932639
Codrington,-38.2667,141.9667,51.48,93,100,7.14,AU,1634932686
Sørland,67.667,12.6934,41.81,49,100,10.22,NO,1634932687
Isiro,2.7739,27.616,67.08,98,100,0.85,CD,1634932687
Porto-Novo,6.4965,2.6036,82.22,85,96,6.69,BJ,1634932524
Port Hedland,-20.3167,118.5667,68.05,64,37,5.75,AU,1634932685
Hongjiang,27.11,109.9956,48.18,97,39,1.48,CN,1634932687
Turbat,26.0023,63.044,76.41,17,0,7.52,PK,1634932688
Mehamn,71.0357,27.8492,31.91,65,100,14.29,NO,1634932688
Saint Paul Harbor,57.79,-152.4072,42.31,70,90,13.8,US,1634932688
Hobe Sound,27.0595,-80.1364,79.29,88,84,7.27,US,1634932522
Rovaniemi,66.5,25.7167,27.81,74,0,14.97,FI,1634932689
Bengkulu,-3.8004,102.2655,75.43,89,100,3.04,ID,1634932689
Ust'-Kut,56.7938,105.7672,32.95,81,94,3.76,RU,1634932689
Aklavik,68.2191,-135.0107,36.43,86,100,16.02,CA,1634932690
Bredasdorp,-34.5322,20.0403,61.92,55,100,11.5,ZA,1634932602
Touros,-5.1989,-35.4608,86.9,77,79,11.39,BR,1634932690
Chui,-33.6971,-53.4616,67.51,56,26,8.52,UY,1634932691
Kapaa,22.0752,-159.319,79.21,81,75,4.0,US,1634932691
Ponta do Sol,32.6667,-17.1,69.35,70,27,7.7,PT,1634932691
Arraial do Cabo,-22.9661,-42.0278,73.26,68,0,12.66,BR,1634932620
Puerto Carreño,6.189,-67.4859,91.0,51,58,3.67,CO,1634932692
Minot,48.2325,-101.2963,46.29,46,11,9.73,US,1634932692
Khatanga,71.9667,102.5,-5.26,100,97,3.4,RU,1634932655
Leshukonskoye,64.8989,45.7622,31.42,98,100,8.77,RU,1634932692
Rapid Valley,44.0625,-103.1463,61.36,53,5,5.99,US,1634932692
North Bend,43.4065,-124.2243,57.33,91,75,12.66,US,1634932693
Cabo San Lucas,22.8909,-109.9124,87.76,59,0,1.99,MX,1634932680
Tiksi,71.6872,128.8694,3.58,99,100,2.89,RU,1634932693
Constitución,-35.3333,-72.4167,57.07,61,0,20.76,CL,1634932694
Conceição do Araguaia,-8.2578,-49.2647,81.55,71,100,1.48,BR,1634932695
Aswān,24.0934,32.907,76.3,29,0,13.27,EG,1634932694
Moerai,-22.4333,-151.3333,72.01,74,92,16.04,PF,1634932695
Hong Kong,22.2855,114.1577,66.79,81,95,1.99,HK,1634932696
Penzance,50.1186,-5.5371,52.81,63,100,8.19,GB,1634932696
Osakarovka,50.565,72.5692,32.41,96,100,23.17,KZ,1634932696
Jalu,29.0331,21.5482,73.45,35,0,9.04,LY,1634932645
Saint-Pierre,-21.3393,55.4781,72.93,83,0,4.61,RE,1634932697
Sunyani,7.3399,-2.3268,72.43,96,50,4.07,GH,1634932697
Padang,-0.9492,100.3543,77.31,88,99,4.34,ID,1634932697
Ribeira Grande,38.5167,-28.7,70.2,78,20,4.61,PT,1634932698
Lødingen,68.414,15.9951,34.52,62,100,10.0,NO,1634932698
New Norfolk,-42.7826,147.0587,52.29,86,100,1.5,AU,1634932698
Bowen,-20.0167,148.2333,71.82,82,40,10.13,AU,1634932699
Lebu,-37.6167,-73.65,53.58,69,4,21.5,CL,1634932699
São Miguel do Tapuio,-5.5036,-41.3233,91.22,38,100,6.08,BR,1634932699
Poum,-20.2333,164.0167,73.58,78,6,8.03,NC,1634932644
Baykit,61.67,96.37,41.92,80,100,11.54,RU,1634932700
Lamu,-2.2717,40.902,77.23,79,22,11.14,KE,1634932700
Saldanha,-33.0117,17.9442,60.85,76,100,25.79,ZA,1634932701
Nemuro,43.3236,145.575,46.92,77,96,0.89,JP,1634932701
Kirakira,-10.4544,161.9205,80.19,75,17,8.39,SB,1634932701
Kavieng,-2.5744,150.7967,80.22,78,94,6.71,PG,1634932702
Nuuk,64.1835,-51.7216,31.87,45,0,38.99,GL,1634932702
Kazygurt,41.7589,69.3864,40.93,57,91,4.27,KZ,1634932702
Dayong,25.0209,118.2898,67.68,81,100,4.09,CN,1634932702
Songea,-10.6833,35.65,68.36,61,46,2.93,TZ,1634932703
Dicabisagan,17.0818,122.4157,76.77,89,34,5.79,PH,1634932703
Itarema,-2.9248,-39.9167,82.58,72,99,14.38,BR,1634932703
Madimba,-10.4,40.3333,74.66,81,8,4.61,TZ,1634932704
Port Elizabeth,-33.918,25.5701,59.29,77,40,3.44,ZA,1634932670
Port-Cartier,50.0334,-66.8654,46.74,97,100,17.49,CA,1634932704
Faanui,-16.4833,-151.75,78.58,78,53,9.53,PF,1634932704
Gondanglegi,-7.7479,112.0132,76.87,84,100,8.12,ID,1634932705
Hasaki,35.7333,140.8333,48.04,63,19,19.37,JP,1634932705
Chokurdakh,70.6333,147.9167,-13.5,99,99,2.86,RU,1634932705
Morsbach,50.8667,7.75,45.12,90,91,7.11,DE,1634932706
Roald,62.5833,6.1333,43.9,70,40,16.11,NO,1634932689
Kimbe,-5.5502,150.1429,75.67,90,100,3.78,PG,1634932706
Kaitangata,-46.2817,169.8464,51.4,81,100,1.63,NZ,1634932707
Tuktoyaktuk,69.4541,-133.0374,28.4,93,90,6.91,CA,1634932587
Goderich,43.7501,-81.7165,45.03,70,100,10.36,CA,1634932647
Kyabé,9.4515,18.9449,77.0,77,36,3.47,TD,1634932707
Oktyabr'skiy,54.4815,53.471,50.27,81,73,16.75,RU,1634932708
Junction City,39.0286,-96.8314,76.05,39,1,5.99,US,1634932469
Kolokani,13.5728,-8.0339,84.07,58,91,3.22,ML,1634932709
Saint-Philippe,-21.3585,55.7679,72.57,81,18,7.09,RE,1634932709
Jönköping,57.7814,14.1562,38.68,81,20,6.91,SE,1634932709
Forsytheganj,52.6333,29.7333,44.6,61,70,12.21,BY,1634932710
Ngunguru,-35.6167,174.5,59.16,88,100,24.94,NZ,1634932710
East London,-33.0153,27.9116,63.0,84,6,5.32,ZA,1634932578
Pevek,69.7008,170.3133,12.74,92,100,7.63,RU,1634932710
Ancud,-41.8697,-73.8203,53.13,61,42,14.16,CL,1634932711
Comodoro Rivadavia,-45.8667,-67.5,71.46,13,0,26.46,AR,1634932688
Villa del Rosario,7.8339,-72.4742,88.18,55,40,8.05,CO,1634932711
Hithadhoo,-0.6,73.0833,81.36,74,33,8.39,MV,1634932711
Coolum Beach,-26.5333,153.1,72.07,95,100,6.24,AU,1634932712
Bethel,41.3712,-73.414,66.45,65,99,7.25,US,1634932646
Oodweyne,9.4092,45.064,73.89,49,0,13.27,SO,1634932712
Fuyu,45.1833,124.8167,37.8,52,0,7.18,CN,1634932712
Phang Nga,8.4509,98.5298,75.22,93,92,1.7,TH,1634932713
Ifakara,-8.1333,36.6833,79.86,52,18,7.92,TZ,1634932713
Yulara,-25.2406,130.9889,69.64,40,0,14.97,AU,1634932713
Scarborough,54.2797,-0.4044,45.39,85,100,2.06,GB,1634932714
Bānkura,23.25,87.0667,72.77,70,0,4.29,IN,1634932714
Lavrentiya,65.5833,-171.0,23.22,84,100,14.41,RU,1634932714
Tazovsky,67.4667,78.7,22.91,96,97,5.55,RU,1634932715
Egvekinot,66.3167,-179.1667,10.27,86,100,8.66,RU,1634932715
Bambous Virieux,-20.3428,57.7575,73.65,88,75,3.44,MU,1634932599
Potosí,-19.5836,-65.7531,65.21,6,5,11.1,BO,1634932715
Baghdad,33.3406,44.4009,71.51,28,0,5.75,IQ,1634932716
Shaami-Yurt,43.2294,45.3931,47.93,58,0,3.22,RU,1634932716
Turaif,31.6725,38.6637,70.05,37,0,13.8,SA,1634932716
Blagoyevo,63.3667,47.9167,39.13,81,100,12.03,RU,1634932717
Vila Velha,-20.3297,-40.2925,73.35,78,75,10.36,BR,1634932546
Port Alfred,-33.5906,26.891,62.02,86,61,7.18,ZA,1634932717
Ucluelet,48.9329,-125.5528,54.73,89,55,2.77,CA,1634932519
São João da Barra,-21.6403,-41.0511,77.09,72,10,9.91,BR,1634932718
Sabha,27.0377,14.4283,79.9,22,56,14.03,LY,1634932718
Lagoa,39.05,-27.9833,68.45,79,100,13.85,PT,1634932718
Fairbanks,64.8378,-147.7164,28.58,87,75,0.0,US,1634932502
Mitsamiouli,-11.3847,43.2844,76.8,78,62,5.59,KM,1634932719
Umm Kaddadah,13.6017,26.6876,86.02,23,28,9.15,SD,1634932719
Balad,34.0164,44.1453,73.13,21,0,9.44,IQ,1634932719
Torbay,47.6666,-52.7314,53.13,75,75,10.36,CA,1634932720
Zhicheng,30.2956,111.5047,52.63,72,50,2.73,CN,1634932720
Tasiilaq,65.6145,-37.6368,30.22,85,100,8.01,GL,1634932720
Pangody,65.85,74.4859,28.04,97,100,6.2,RU,1634932721
Poya,-21.35,165.15,73.24,80,16,0.74,NC,1634932722
Sandane,61.7728,6.215,42.08,75,75,14.97,NO,1634932722
Alugan,12.2188,125.4808,75.99,91,100,6.85,PH,1634932722
Capim Grosso,-11.3811,-40.0128,84.09,53,100,6.76,BR,1634932723
Piteå,65.3172,21.4794,30.29,85,100,16.24,SE,1634932723
Numan,9.4667,12.0333,79.16,73,79,1.86,NG,1634932723
Igrim,63.1906,64.4162,32.32,92,100,8.43,RU,1634932724
Norman Wells,65.282,-126.8329,42.84,65,75,18.41,CA,1634932724
Russell,32.3502,-85.1999,77.7,55,0,8.55,US,1634932724
Sete Lagoas,-19.4658,-44.2467,83.34,65,97,3.47,BR,1634932725
Talnakh,69.4865,88.3972,18.37,94,100,4.18,RU,1634932686
Katsuura,35.1333,140.3,55.31,81,31,14.52,JP,1634932689
Yilan,24.757,121.753,68.58,99,100,2.37,TW,1634932725
Calamar,10.2511,-74.9146,87.75,65,56,3.49,CO,1634932725
Fukuechō,32.6881,128.8419,63.68,66,79,22.55,JP,1634932726
Leningradskiy,69.3833,178.4167,1.24,88,21,7.96,RU,1634932696
Dikson,73.5069,80.5464,15.24,84,100,14.34,RU,1634932726
Båtsfjord,70.6345,29.7185,31.8,55,75,16.11,NO,1634932727
Cidreira,-30.1811,-50.2056,68.18,72,1,8.57,BR,1634932727
Santa Barbara,34.7333,-120.0343,68.14,56,1,6.91,US,1634932494
Astoria,46.1879,-123.8313,58.14,78,49,5.99,US,1634932728
Pālampur,32.1167,76.5333,61.97,35,96,3.89,IN,1634932728
Lorengau,-2.0226,147.2712,81.19,76,99,8.21,PG,1634932728
Marfino,55.7028,37.3822,43.47,62,0,15.66,RU,1634932728
Villa Rica,33.7321,-84.9191,71.24,61,71,8.48,US,1634932729
Buin,-33.7333,-70.75,70.93,26,16,15.32,CL,1634932729
Mar del Plata,-38.0023,-57.5575,56.73,85,90,1.99,AR,1634932593
Limerick,52.6647,-8.6231,51.75,82,77,4.92,IE,1634932729
San Patricio,28.017,-97.5169,83.68,47,100,6.13,US,1634932730
Tuensang,26.2833,94.8333,62.76,95,96,0.92,IN,1634932730
Sayán,-11.1361,-77.1933,79.02,45,23,9.98,PE,1634932730
George Town,5.4112,100.3354,78.57,90,40,1.99,MY,1634932474
Qinhuangdao,39.9317,119.5883,47.71,46,0,4.47,CN,1634932731
Kirkwood,38.5834,-90.4068,57.18,67,96,1.99,US,1634932731
Kuching,1.55,110.3333,73.62,100,20,0.0,MY,1634932707
Cherskiy,68.75,161.3,-2.06,100,100,2.59,RU,1634932732
Esso,55.9333,158.7,13.08,96,88,4.54,RU,1634932732
Labuhan,-6.8844,112.2051,79.86,78,100,5.88,ID,1634932732
Hirara,24.8,125.2833,75.24,64,100,25.26,JP,1634932686
Barra Patuca,15.8,-84.2833,83.26,76,100,7.18,HN,1634932733
Cayenne,4.9333,-52.3333,83.08,82,75,3.0,GF,1634932733
Kenai,60.5544,-151.2583,39.13,88,100,11.74,US,1634932734
Nanortalik,60.1432,-45.2371,38.77,96,100,4.07,GL,1634932735
Deputatsky,69.3,139.9,-5.87,99,99,0.96,RU,1634932594
Antalaha,-14.9003,50.2788,72.97,94,71,2.57,MG,1634932735
Faya,18.3851,42.4509,63.12,31,8,7.54,SA,1634932735
Salalah,17.0151,54.0924,76.05,72,69,1.92,OM,1634932736
Hilo,19.7297,-155.09,77.54,74,1,5.01,US,1634932606
Chapleau,47.8405,-83.4034,37.49,65,75,6.91,CA,1634932736
Talara,-4.5772,-81.2719,75.96,57,0,13.8,PE,1634932736
Bahía Blanca,-38.7196,-62.2724,62.28,45,62,13.76,AR,1634932737
Muroto-misakicho,33.2833,134.15,61.32,65,5,19.08,JP,1634932737
Narsaq,60.9167,-46.05,36.81,98,100,3.53,GL,1634932737
Husavik,66.0449,-17.3389,33.71,92,100,6.35,IS,1634932738
Lambaréné,-0.7001,10.2406,75.2,96,100,4.99,GA,1634932738
Aquiraz,-3.9014,-38.3911,86.49,64,11,11.97,BR,1634932731
Kushiro,42.975,144.3747,42.37,89,100,7.14,JP,1634932738
Bontang,0.1333,117.5,76.44,90,100,7.52,ID,1634932739
Tessalit,20.1986,1.0114,86.85,19,1,10.33,ML,1634932739
Tuatapere,-46.1333,167.6833,54.61,69,100,2.91,NZ,1634932605
Tiznit Province,29.5833,-9.5,62.82,81,0,2.59,MA,1634932622
Porto Belo,-27.1578,-48.5531,73.36,77,0,12.37,BR,1634932740
Sicamous,50.8331,-118.9856,51.06,97,100,0.22,CA,1634932740
Beian,63.6559,9.5683,43.83,81,75,18.41,NO,1634932740
Sakaiminato,35.55,133.2333,58.98,51,40,12.66,JP,1634932741
Port Blair,11.6667,92.75,80.15,83,100,3.02,IN,1634932741
Payson,40.0444,-111.7321,65.84,33,100,2.59,US,1634932742
Namtsy,62.7161,129.6658,30.31,94,100,4.09,RU,1634932742
Haines Junction,60.7522,-137.5108,33.75,86,100,0.0,CA,1634932743
Cervo,43.6702,-7.4101,52.97,70,95,10.78,ES,1634932743
Ketchikan,55.3422,-131.6461,47.34,89,100,15.14,US,1634932744
George Town,5.4112,100.3354,78.57,90,40,1.99,MY,1634932744
Isangel,-19.55,169.2667,71.71,94,13,3.44,VU,1634932744
Kabinda,-6.1333,24.4833,67.82,90,100,1.9,CD,1634932745
Hamilton,39.1834,-84.5333,50.94,90,90,1.01,US,1634932546
Saint-Estève,42.7131,2.843,60.26,64,20,10.36,FR,1634932745
Vardø,70.3705,31.1107,31.98,86,90,19.77,NO,1634932684
Inhambane,-23.865,35.3833,73.0,73,20,18.01,MZ,1634932745
Oktyabr'skoye,43.0645,44.7417,37.54,93,0,6.71,RU,1634932746
Provost,52.3501,-110.2683,46.85,40,95,19.19,CA,1634932746
Dagua,3.6569,-76.6886,82.83,90,95,3.69,CO,1634932746
Mossamedes,-15.1961,12.1522,65.61,71,1,13.31,AO,1634932747
Champerico,14.3,-91.9167,89.98,71,37,5.5,GT,1634932747
Lompoc,34.6391,-120.4579,71.47,67,75,10.36,US,1634932561
Marsá Maţrūḩ,31.3525,27.2453,68.99,61,0,6.2,EG,1634932747
Biankouma,7.7391,-7.6138,70.95,97,91,2.37,CI,1634932748
Praia,14.9215,-23.5087,82.94,65,0,13.8,CV,1634932721
Kulhudhuffushi,6.6221,73.07,80.89,79,57,7.36,MV,1634932749
Bell Ville,-32.6259,-62.6887,74.8,34,16,11.12,AR,1634932749
Palamós,41.8484,3.1291,61.27,54,100,13.0,ES,1634932750
Zenzeli,45.9241,47.0474,53.8,64,0,7.05,RU,1634932750
Iqaluit,63.7506,-68.5145,25.7,79,75,20.0,CA,1634932625
Kiryat Gat,31.61,34.7642,70.72,67,0,7.38,IL,1634932750
Williamsburg,37.2707,-76.7075,70.16,66,40,0.0,US,1634932545
Ostrovnoy,68.0531,39.5131,34.21,77,100,27.09,RU,1634932751
Vyškov,49.2775,16.999,44.37,50,29,14.94,CZ,1634932751
Antofagasta,-23.65,-70.4,63.68,67,26,9.35,CL,1634932478
Gurun,5.8172,100.4738,77.79,92,91,1.77,MY,1634932751
Ixtapa,20.7,-105.2,90.23,77,23,7.0,MX,1634932752
Srednekolymsk,67.45,153.6833,-12.59,99,25,1.61,RU,1634932752
San Juan Nepomuceno,9.9516,-75.082,84.2,73,46,3.62,CO,1634932752
Darnah,32.767,22.6367,69.01,61,46,3.04,LY,1634932753
Yangi Marg`ilon,40.4272,71.7189,47.1,53,40,2.3,UZ,1634932753
Moose Factory,51.2585,-80.6094,37.38,93,90,11.5,CA,1634932733
Eldorado,-23.7869,-54.2836,79.3,59,0,5.26,BR,1634932754
Yatou,37.15,122.3833,48.13,64,1,5.68,CN,1634932754
Ruteng,-8.6136,120.4721,62.26,69,97,0.4,ID,1634932754
Ponta Delgada,37.7333,-25.6667,70.52,68,40,8.05,PT,1634932755
Sovetskiy,61.3614,63.5842,36.09,98,100,8.9,RU,1634932713
Kondinskoye,59.6481,67.41,37.56,97,100,15.52,RU,1634932755
Nísia Floresta,-6.0911,-35.2086,84.58,70,21,9.37,BR,1634932755
Bagdarin,54.4333,113.6,29.62,71,66,2.46,RU,1634932756
Canchungo,12.0672,-16.0333,86.13,80,12,7.58,GW,1634932756
Aloleng,16.1307,119.7824,79.09,83,94,5.01,PH,1634932756
Dunda,-8.1167,34.25,72.99,48,50,3.65,TZ,1634932756
Vale da Amoreira,39.0697,-7.6985,60.46,44,0,4.92,PT,1634932757
Dukat,62.55,155.55,-5.91,85,95,0.83,RU,1634932757
Gazalkent,41.5581,69.7708,39.56,58,99,4.54,UZ,1634932757
Valleyview,55.0667,-117.2859,41.04,81,100,4.61,CA,1634932758
Kamenka,51.3223,42.7678,51.85,72,5,12.68,RU,1634932758
Kahului,20.8947,-156.47,79.97,76,21,13.0,US,1634932758
Souillac,-20.5167,57.5167,73.78,88,75,3.44,MU,1634932759
Vao,-22.6667,167.4833,72.55,80,1,1.92,NC,1634932759
Jatai,-17.8814,-51.7144,85.51,37,91,7.18,BR,1634932759
Ceres,37.5949,-120.9577,60.71,94,100,5.41,US,1634932504
Avarua,-21.2078,-159.775,73.45,56,75,4.61,CK,1634932747
Warrington,53.3925,-2.5802,49.87,89,75,5.99,GB,1634932533
Ciudad Bolivar,8.1222,-63.5497,83.91,70,92,9.04,VE,1634932760
Nizhniy Odes,63.6445,54.856,42.03,94,100,11.95,RU,1634932760
Severo-Kuril'sk,50.6789,156.125,37.0,79,98,9.78,RU,1634932760
Port Jervis,41.3751,-74.6927,61.47,73,100,7.96,US,1634932761
Guerrero Negro,27.9769,-114.0611,74.08,62,0,15.86,MX,1634932761
Kuril'sk,45.2333,147.8833,40.66,76,61,6.11,RU,1634932761
Caravelas,-17.7125,-39.2481,74.71,81,99,8.43,BR,1634932762
Maraã,-1.8333,-65.3667,86.18,62,76,4.59,BR,1634932763
York,40.1254,-77.0,61.74,63,100,7.54,US,1634932740
Geraldton,-28.7667,114.6,54.01,87,0,8.05,AU,1634932683
Balod,20.73,81.2047,64.87,56,0,2.13,IN,1634932764
Sorong,-0.8833,131.25,77.38,85,100,6.67,ID,1634932764
Luganville,-15.5333,167.1667,78.91,86,55,2.98,VU,1634932764
Sanary-sur-Mer,43.1178,5.8001,60.15,63,56,6.62,FR,1634932765
Hobyo,5.3505,48.5268,79.34,83,12,14.18,SO,1634932765
Petropavlovsk-Kamchatskiy,53.0452,158.6483,19.99,86,75,2.24,RU,1634932765
Wallaceburg,42.593,-82.3885,49.21,52,100,5.21,CA,1634932765
Kruisfontein,-34.0033,24.7314,57.88,83,97,2.48,ZA,1634932766
Amapá,1.0,-52.0,86.45,54,100,1.66,BR,1634932766
Nelson Bay,-32.7167,152.15,58.1,96,11,4.85,AU,1634932766
Tecolutla,20.4833,-97.0167,80.91,74,100,8.5,MX,1634932767
Nizwá,22.9333,57.5333,81.37,28,3,3.06,OM,1634932767
Upernavik,72.7868,-56.1549,18.09,91,100,9.53,GL,1634932767
Gornopravdinsk,60.05,69.9,35.2,94,100,10.71,RU,1634932768
Melilla,35.2937,-2.9383,66.58,72,0,3.44,ES,1634932768
Kisangani,0.5167,25.2,70.07,91,100,1.39,CD,1634932768
Carman,49.4992,-98.0016,39.45,70,98,6.91,CA,1634932768
Prince Rupert,54.3161,-130.3201,48.97,81,90,16.11,CA,1634932617
Shelburne,44.0787,-80.2041,41.41,74,41,7.16,CA,1634932769
Gunjur,13.2019,-16.7339,86.07,74,20,6.91,GM,1634932769
Anadyr,64.75,177.4833,14.5,85,75,13.42,RU,1634932769
Noumea,-22.2763,166.4572,75.99,99,25,4.97,NC,1634932770
Dubovka,49.0583,44.829,50.95,69,5,12.28,RU,1634932770
Manakara,-22.1333,48.0167,71.42,79,100,3.65,MG,1634932770
Balkanabat,39.5108,54.3671,56.86,29,0,9.8,TM,1634932771
Albanel,48.8832,-72.4487,44.82,72,76,11.5,CA,1634932771
Methóni,36.8197,21.7049,58.86,74,0,9.26,GR,1634932771
Praia,14.9215,-23.5087,82.94,65,0,13.8,CV,1634932772
Iporá,-16.4419,-51.1178,90.27,31,60,4.45,BR,1634932772
Palmer,42.1584,-72.3287,65.01,60,98,1.99,US,1634932772
Tongliao,43.6125,122.2653,44.42,48,0,5.88,CN,1634932772
Lüderitz,-26.6481,15.1594,56.77,89,0,7.87,NA,1634932773
Vallenar,-28.5708,-70.7581,76.05,22,89,10.85,CL,1634932773
Mwene-Ditu,-7.0,23.45,67.21,91,95,1.48,CD,1634932773
Tucuruí,-3.7661,-49.6725,82.02,73,100,1.39,BR,1634932774
Florianópolis,-27.6146,-48.5012,76.23,50,0,11.5,BR,1634932774
Rødbyhavn,54.6544,11.352,45.97,67,8,32.91,DK,1634932774
Río Gallegos,-51.6226,-69.2181,59.05,21,75,19.57,AR,1634932503
Leh,34.1667,77.5833,36.93,52,100,3.94,IN,1634932775
Kamariótissa,40.4833,25.4667,59.02,88,0,5.1,GR,1634932775
Bartica,6.4,-58.6167,75.52,98,100,1.57,GY,1634932775
Kidal,18.4411,1.4078,89.4,19,7,7.16,ML,1634932776
Kashgar,39.4547,75.9797,51.01,14,20,20.13,CN,1634932776
Beloha,-25.1667,45.05,65.73,74,100,11.74,MG,1634932776
Hofn,64.2539,-15.2082,41.81,94,100,4.52,IS,1634932777
Kushmurun,52.4503,64.6311,44.62,68,100,20.18,KZ,1634932777
Saint-François,46.4154,3.9054,40.91,89,0,0.0,FR,1634932778
Zhoucun,36.8167,117.8167,48.09,53,100,2.89,CN,1634932778
Serenje,-13.2325,30.2352,71.46,40,34,4.65,ZM,1634932779
Libreville,0.3925,9.4537,78.82,89,20,5.75,GA,1634932556
Kalmunai,7.4167,81.8167,79.3,82,90,6.91,LK,1634932779
Shahreza,32.0339,51.8794,48.38,37,0,4.81,IR,1634932779
Djebeniana,35.035,10.9081,73.2,77,0,8.12,TN,1634932780
Bratsk,56.1325,101.6142,32.49,74,53,4.56,RU,1634932780
Charallave,10.2425,-66.8572,85.96,44,87,3.24,VE,1634932780
Saskylakh,71.9167,114.0833,-3.1,100,95,2.82,RU,1634932781
Bayir,37.2687,28.2167,50.52,70,0,0.58,TR,1634932781
Cockburn Town,21.4612,-71.1419,82.36,78,40,6.91,TC,1634932781
Cap Malheureux,-19.9842,57.6142,75.47,80,63,5.01,MU,1634932684
Vila Franca do Campo,37.7167,-25.4333,70.21,75,74,4.65,PT,1634932601
Zheleznodorozhnyy,55.7503,38.0042,44.56,63,46,14.36,RU,1634932782
San Martín,-33.081,-68.4681,75.74,25,33,19.01,AR,1634932782
Tibiri,13.5627,7.0485,91.6,26,55,7.63,NE,1634932782
Puerto Ayacucho,5.6639,-67.6236,87.93,64,58,0.56,VE,1634932783
Aztec,36.8222,-107.9929,67.08,20,84,3.33,US,1634932783
Oistins,13.0667,-59.5333,84.29,70,40,21.85,BB,1634932498
Ayagoz,47.9714,80.4392,30.87,68,37,7.85,KZ,1634932783
Asău,46.4333,26.4,53.96,68,100,4.9,RO,1634932784
Anshun,26.25,105.9333,41.9,94,72,4.45,CN,1634932784
Terney,45.0503,136.6092,35.73,74,1,9.1,RU,1634932784
Puerto Madero,14.7208,-92.4215,82.62,72,25,4.52,MX,1634932784
Balassagyarmat,48.073,19.2961,52.48,82,30,12.24,HU,1634932785
Villazón,-22.0866,-65.5942,74.98,3,65,28.07,BO,1634932785
Pucara,-15.9803,-71.4606,46.53,23,0,15.35,PE,1634932785
Anau,-16.5167,-151.7333,78.48,78,54,9.4,PF,1634932786
Okato,-39.2,173.8833,49.68,68,99,10.45,NZ,1634932786
Urubichá,-15.3833,-62.95,101.95,25,65,8.75,BO,1634932786
Kawalu,-7.3817,108.2082,72.27,98,100,1.63,ID,1634932787
Charters Towers,-20.1,146.2667,71.35,91,49,11.07,AU,1634932787
Lafiagi,8.8667,5.4167,79.38,80,47,4.63,NG,1634932787
Santa Isabel Rio Negro,-0.4139,-65.0192,89.82,55,68,0.89,BR,1634932787
Loudéac,48.1783,-2.7543,48.97,80,9,3.91,FR,1634932788
Valparaíso,-33.0393,-71.6273,66.25,53,0,11.5,CL,1634932788
Glenwood Springs,39.5505,-107.3248,63.05,34,1,5.75,US,1634932788
Vestmanna,62.1564,-7.1664,40.12,75,75,10.36,FO,1634932789
Yerbogachën,61.2767,108.0108,31.86,91,90,6.46,RU,1634932789
Divnomorskoye,44.5011,38.1353,58.62,82,1,6.76,RU,1634932789
Nara,34.6851,135.8049,53.71,64,79,8.81,JP,1634932790
Nicolás Bravo,18.45,-88.9167,86.5,70,96,2.93,MX,1634932790
East Norriton,40.1518,-75.3366,63.46,66,90,1.99,US,1634932790
Chernyshevskiy,63.0128,112.4714,30.85,89,99,8.14,RU,1634932791
Inuvik,68.3499,-133.7218,37.26,73,90,10.36,CA,1634932791
Rawson,-43.3002,-65.1023,66.87,21,0,11.39,AR,1634932748
Hyères,43.1167,6.1167,58.39,68,0,3.44,FR,1634932708
Tatarsk,55.219,75.9828,36.48,93,100,17.27,RU,1634932791
Bathsheba,13.2167,-59.5167,84.81,70,40,21.85,BB,1634932587
Ahipara,-35.1667,173.1667,59.65,94,100,20.56,NZ,1634932793
Grand Gaube,-20.0064,57.6608,75.38,81,62,5.01,MU,1634932793
Krishnarājpet,12.655,76.4883,71.1,88,100,3.65,IN,1634932793
Billings Metropolitan Area,45.7833,-108.5007,63.61,46,6,5.01,US,1634932646
Biak,-0.9131,122.8766,76.01,81,36,3.85,ID,1634932599
Macon,39.8667,-88.9668,55.72,60,100,8.61,US,1634932794
Krasnogorskoye,52.2953,86.1979,36.0,80,100,4.61,RU,1634932794
Camopi,3.1655,-52.3158,83.64,68,89,5.28,GF,1634932795
Blackwater,-23.5833,148.8833,71.87,88,10,6.35,AU,1634932795
Cañita,9.2097,-78.8811,77.5,88,100,7.54,PA,1634932795
Suratgarh,29.3167,73.9,79.79,35,2,15.84,IN,1634932795
Nibbar,36.2941,8.7666,70.48,35,40,4.61,TN,1634932796
Debre Tabor,11.85,38.0167,55.36,58,94,2.73,ET,1634932796
Flinders,-34.5833,150.8552,58.41,89,4,1.99,AU,1634932796
Porangatu,-13.4408,-49.1486,88.84,46,71,4.76,BR,1634932797
Esim,4.8699,-2.2405,77.29,88,100,8.37,GH,1634932797
Witu,-2.3889,40.4382,75.67,82,19,8.25,KE,1634932797
Mildura,-34.2,142.15,55.36,82,40,9.22,AU,1634932602
Juneau,58.3019,-134.4197,46.62,97,100,5.01,US,1634932725
‘Āhuimanu,21.4447,-157.8378,80.22,70,19,15.93,US,1634932798
Adré,13.4667,22.2,82.56,22,98,16.6,TD,1634932798
Aksu,41.1231,80.2644,54.82,42,100,7.31,CN,1634932799
Zhigansk,66.7697,123.3711,16.99,95,100,6.53,RU,1634932596
Kjøllefjord,70.9457,27.3465,31.78,65,99,14.0,NO,1634932799
Bairiki Village,1.3292,172.9752,80.6,78,20,6.91,KI,1634932774
Airai,-8.9266,125.4092,62.49,72,100,1.92,TL,1634932800
Havelock,34.8791,-76.9013,76.05,78,100,5.01,US,1634932800
Swan River,52.1058,-101.2676,38.23,76,100,4.94,CA,1634932801
Homer,59.6425,-151.5483,41.23,84,100,1.99,US,1634932801
Iracoubo,5.4802,-53.2011,81.12,80,78,9.46,GF,1634932802
Gayéri,12.6497,0.4931,88.75,36,95,1.14,BF,1634932803
Rocha,-34.4833,-54.3333,69.96,64,95,7.16,UY,1634932706
Akdepe,42.0551,59.3788,41.09,34,7,8.93,TM,1634932707
Allonnes,47.9674,0.1581,49.84,87,90,0.0,FR,1634932804
The Valley,18.217,-63.0578,84.67,62,40,14.97,AI,1634932758
Timizart,36.8,4.2667,62.6,83,17,3.2,DZ,1634932805
Road Town,18.4167,-64.6167,85.19,66,21,17.34,VG,1634932806
Kitimat,54.0524,-128.6534,40.01,100,100,3.24,CA,1634932806
Tsiroanomandidy,-18.7667,46.0333,70.56,52,30,1.43,MG,1634932807
Taganak,6.0833,118.3,81.72,78,100,9.95,PH,1634932808
Derzhavīnsk,51.1,66.3167,40.03,83,100,24.38,KZ,1634932809
Kaitong,44.8135,123.15,38.48,47,0,7.11,CN,1634932809
Karpogory,64.0019,44.4451,32.0,99,100,5.55,RU,1634932810
Kumul,42.8,93.45,55.2,22,2,7.25,CN,1634932672
Vostok,46.4856,135.8833,24.39,88,45,4.25,RU,1634932811
Ust'-Barguzin,53.45,108.9833,33.08,75,7,3.18,RU,1634932813
Batemans Bay,-35.7167,150.1833,56.98,88,10,3.65,AU,1634932802
Laas,46.6166,10.7002,45.16,90,31,5.55,IT,1634932813
Monchegorsk,67.9397,32.8739,26.42,77,100,11.34,RU,1634932814
Atamanskaya,46.1773,39.6358,53.62,77,1,8.46,RU,1634932815
Belgrade,44.804,20.4651,54.68,99,40,1.01,RS,1634932292
Saurimo,-9.6608,20.3916,68.38,85,15,2.13,AO,1634932816
Oddur,4.1213,43.8894,77.23,69,93,14.23,SO,1634932817
Dingle,10.9995,122.6711,75.06,94,100,6.06,PH,1634932817
Amuntai,-2.4177,115.2494,74.05,99,100,0.36,ID,1634932818
Ocho Rios,18.4025,-77.1048,83.8,66,56,10.02,JM,1634932811
Guaratinga,-16.5667,-39.5667,73.74,85,98,7.47,BR,1634932819
Boende,-0.2167,20.8667,70.0,89,96,0.74,CD,1634932819
Kununurra,-15.7667,128.7333,78.78,94,5,6.91,AU,1634932820
Umm Hājar,13.2954,19.6966,89.22,20,86,8.32,TD,1634932820
Fort Nelson,58.8053,-122.7002,42.66,73,100,4.09,CA,1634932813
Loveland,40.3978,-105.075,72.77,19,1,8.99,US,1634932730
Oshkosh,44.0247,-88.5426,44.74,61,100,4.0,US,1634932749
Sindou,10.6667,-5.1667,80.19,63,53,3.44,BF,1634932821
Gamba,-2.65,10.0,76.71,86,99,6.58,GA,1634932641
El Tigre,8.8875,-64.2454,85.08,56,89,10.8,VE,1634932769
Saint-Joseph,-21.3667,55.6167,71.76,81,9,1.86,RE,1634932822
Berlevåg,70.8578,29.0864,31.95,64,75,17.27,NO,1634932822
Sitka,57.0531,-135.33,51.69,76,90,25.32,US,1634932636
Marawi,7.9986,124.2928,67.64,94,100,0.98,PH,1634932823
Meulaboh,4.1363,96.1285,76.66,88,98,2.46,ID,1634932823
Nabire,-3.3667,135.4833,74.55,91,100,3.36,ID,1634932824
Barinas,8.6226,-70.2075,87.49,51,15,7.72,VE,1634932824
Myitkyina,25.3833,97.4,67.62,99,33,1.74,MM,1634932824
Kapuskasing,49.4169,-82.4331,35.31,72,100,6.89,CA,1634932825
Sur,22.5667,59.5289,81.73,65,5,7.14,OM,1634932724
Karratha,-20.7377,116.8463,79.48,37,33,3.87,AU,1634932825
Klaksvík,62.2266,-6.589,41.92,66,60,12.03,FO,1634932825
Manggar,-2.8833,108.2667,80.08,78,100,0.6,ID,1634932826
Sobolevo,54.4299,31.8996,43.66,65,98,16.22,RU,1634932826
Acapulco de Juárez,16.8634,-99.8901,80.4,83,100,5.26,MX,1634932827
Half Moon Bay,37.4636,-122.4286,62.55,77,1,5.75,US,1634932827
Cabra,37.4725,-4.4421,62.89,44,0,2.08,ES,1634932827
Palu,-0.8917,119.8707,75.78,95,100,2.06,ID,1634932828
São José da Coroa Grande,-8.8978,-35.1478,80.22,78,6,10.96,BR,1634932828
Bestöbe,52.4994,73.0975,37.76,95,100,23.26,KZ,1634932828
Mabaruma,8.2,-59.7833,76.86,96,100,5.28,GY,1634932829
Fort-Shevchenko,44.5086,50.263,58.6,89,2,24.47,KZ,1634932829
Tiarei,-17.5333,-149.3333,80.62,88,90,20.8,PF,1634932829
Dunedin,-45.8742,170.5036,53.8,69,100,11.01,NZ,1634932830
Korla,41.7597,86.1469,56.66,23,100,11.5,CN,1634932831
Minna,9.6139,6.5569,73.33,86,100,3.33,NG,1634932831
Verkhnevilyuysk,63.4453,120.3167,33.51,92,100,8.08,RU,1634932832
Santa Cruz de la Sierra,-17.8,-63.1667,95.05,43,40,24.16,BO,1634932715
Nome,64.5011,-165.4064,34.16,75,100,10.38,US,1634932832
Antonovo,43.15,26.1667,45.66,66,100,3.44,BG,1634932833
Eyemouth,55.8713,-2.0901,45.43,66,72,5.93,GB,1634932833
Merauke,-8.4667,140.3333,77.29,86,100,10.29,ID,1634932833
Celestún,20.8667,-90.4,80.69,76,100,11.61,MX,1634932834
Wana,32.2989,69.5725,60.49,34,0,4.52,PK,1634932834
Eureka,40.8021,-124.1637,59.22,88,51,4.0,US,1634932835
Laguna de Perlas,12.3429,-83.6712,84.7,69,21,6.53,NI,1634932835
Babylon,40.6957,-73.3257,68.83,60,31,1.99,US,1634932736
Gurh,24.5167,81.5167,69.6,59,0,4.23,IN,1634932836
Daru,-9.0763,143.2092,78.64,78,48,9.06,PG,1634932836
Aykhal,66.0,111.5,26.53,89,100,11.14,RU,1634932668
Gizo Government Station,-8.103,156.8419,81.03,76,31,4.65,SB,1634932836
Naze,28.3667,129.4833,65.34,56,80,14.2,JP,1634932837
Sibolga,1.7427,98.7792,77.2,85,100,2.8,ID,1634932837
Garoowe,8.4054,48.4845,75.58,75,18,14.74,SO,1634932838
Batagay-Alyta,67.8006,130.4114,5.77,97,100,2.28,RU,1634932838
Zhezkazgan,47.8043,67.7144,38.86,94,100,17.38,KZ,1634932838
Neyagawa,34.7662,135.6276,54.14,64,75,10.42,JP,1634932839
Lázaro Cárdenas,17.9583,-102.2,82.6,83,100,6.67,MX,1634932839
Grindavik,63.8424,-22.4338,45.07,93,90,25.32,IS,1634932840
Khor,47.8861,134.9464,30.58,80,20,8.3,RU,1634932840
Verkhnyaya Khava,51.8404,39.9413,53.67,57,2,9.08,RU,1634932840
Chara,56.9064,118.2631,32.04,62,96,2.82,RU,1634932841
Houma,29.5958,-90.7195,85.53,63,40,6.91,US,1634932841
Lālmohan,22.3384,90.7419,78.8,70,100,2.86,BD,1634932841
Nishihara,26.1842,127.7558,72.68,56,75,11.5,JP,1634932842
Dzaoudzi,-12.7887,45.2699,75.09,83,0,3.44,YT,1634932842
Altay,47.8667,88.1167,37.31,68,100,3.02,CN,1634932842
Kibala,9.1104,18.3463,76.51,76,11,2.86,TD,1634932843
Westport,41.1415,-73.3579,68.14,63,40,7.0,US,1634932843
Maniwaki,46.3834,-75.966,42.19,56,26,6.67,CA,1634932844
Slave Lake,55.2834,-114.769,46.94,44,87,14.43,CA,1634932844
Sinop Province,41.7711,34.8709,53.92,44,37,7.16,TR,1634932360
Shache,38.4167,77.2406,51.04,34,99,8.5,CN,1634932844
Feicheng,35.2606,117.9675,46.53,65,62,2.95,CN,1634932845
Pacific Grove,36.6177,-121.9166,61.23,83,100,1.99,US,1634932560
Akonolinga,3.7667,12.25,68.68,99,100,2.55,CM,1634932845
Bonthe,7.5264,-12.505,78.71,86,100,8.16,SL,1634932847
Kwinana,-32.25,115.7667,52.54,78,0,7.29,AU,1634932719
Soddy-Daisy,35.2359,-85.1908,65.44,68,77,4.25,US,1634932677
Alpena,45.0617,-83.4327,45.9,63,97,3.0,US,1634932847
Chyorny Yar,48.0624,46.1091,53.73,40,3,10.4,RU,1634932848
Broome,42.2506,-75.833,52.97,71,75,3.0,US,1634932848
Kindu,-2.95,25.95,70.41,95,100,2.01,CD,1634932848
Atar,20.5169,-13.0499,81.54,18,21,7.72,MR,1634932849
Meaford,44.6001,-80.583,44.42,91,62,8.01,CA,1634932849
Le Port,-20.9373,55.2919,72.01,95,4,8.63,RE,1634932849
Totoró,2.512,-76.4012,55.87,93,95,1.48,CO,1634932849
Bridlington,54.0831,-0.1919,46.27,63,100,1.16,GB,1634932850
Shahrud,36.4182,54.9763,46.53,34,0,0.02,IR,1634932753
Alice Springs,-23.7,133.8833,72.95,27,0,8.05,AU,1634932681
Morwell,-38.2333,146.4,57.38,97,100,4.03,AU,1634932850
San Francisco,37.7749,-122.4194,62.1,84,75,3.0,US,1634932101
Portland,45.5234,-122.6762,55.36,91,75,1.99,US,1634932678
Shingū,33.7333,135.9833,51.44,78,0,7.49,JP,1634932851
Todos Santos,23.45,-110.2167,79.83,77,0,10.27,MX,1634932851
Marrakesh,31.6315,-8.0083,71.67,53,40,8.05,MA,1634932693
Krasnosel'kup,65.7,82.4667,33.03,99,100,17.54,RU,1634932719
Wakkanai,45.4094,141.6739,44.33,72,89,9.28,JP,1634932852
Syamzha,60.0158,41.0614,41.36,75,82,13.96,RU,1634932852
Luanda,-8.8368,13.2343,76.06,85,45,10.47,AO,1634932697
Takayama,36.1333,137.25,43.54,95,100,6.46,JP,1634932852
Gimbi,9.1667,35.8333,54.9,76,91,1.12,ET,1634932817
Te Anau,-45.4167,167.7167,49.93,85,100,1.01,NZ,1634932853
